symbol,category,description,contract_count,total_oi,expiries,sample
10YRY,Financial,10-Year Treasury Yield,46,0,021326;033126;063026;123126,10YRY_033126_4.00
20YRY,Financial,20-Year Treasury Yield,32,0,033126;063026;123126,20YRY_033126_4.00
2YRY,Financial,2-Year Treasury Yield,38,0,033126;063026;123126,2YRY_033126_3.90
30YRY,Financial,30-Year Treasury Yield,32,0,033126;063026;123126,30YRY_033126_4.00
3YRY,Financial,3-Year Treasury Yield,32,0,033126;063026;123126,3YRY_033126_4.00
5YRY,Financial,5-Year Treasury Yield,32,0,033126;063026;123126,5YRY_033126_4.00
7YRY,Financial,7-Year Treasury Yield,32,0,033126;063026;123126,7YRY_033126_4.00
ACD,Climate,Atmospheric CO2 Concentration,68,260,1226;1227;1230;1235,ACD_1226_432.0
ADDSP,Financial,S&P 500 Annual Add/Drop,32,0,123126,ADDSP_123126_LNG
AEUSA,,,120,2380,0126;0226;0626;1225;1226,AEUSA_0626_12.3
AIRTD,,,84,0,0126;1125;1225;1226,AIRTD_1225_66.5
AIRTI,,,84,0,0126;1125;1225;1226,AIRTI_1225_10.45
AIRTT,,,82,0,0126;1125;1225;1226,AIRTT_1225_77.4
AIRUS,,,110,60,Q126;Q226;Q325;Q326;Q425,AIRUS_Q126_345
AMOCW,,,32,0,1230;1235;1240;1245,AMOCW_1230_14
APMFE,,,66,0,0126;0226;0326,APMFE_0126_-5
APYFE,,,36,0,0526;0527,APYFE_0526_-35
ARMEG,,,42,0,0126;0226;0326,ARMEG_0126_-30
ARYEG,,,36,80,0526;0527,ARYEG_0526_-20
AUDEC,,,30,0,031726;050526;061626,AUDEC_031726_H50
AXXAK,House-District,,10,120,110326,AXXAK_110326_DS
AXXAL,House-District,,12,0,110326,AXXAL_110326_DL
AXXAR,House-District,,10,0,110326,AXXAR_110326_ED
AXXCO,House-District,,8,0,110326,AXXCO_110326_JH
AXXDE,House-District,,4,0,110326,AXXDE_110326_CC
AXXGA,House-District,,6,0,110326,AXXGA_110326_JO
AXXIA,House-District,,8,0,110326,AXXIA_110326_JT
AXXID,House-District,,6,0,110326,AXXID_110326_TA
AXXIL,House-District,,12,0,110326,AXXIL_110326_RKE
AXXKS,House-District,,8,0,110326,AXXKS_110326_AP
AXXKY,House-District,,8,0,110326,AXXKY_110326_CB
AXXLA,House-District,,12,0,110326,AXXLA_110326_TB
AXXMA,House-District,,6,20,110326,AXXMA_110326_EM
AXXME,House-District,,8,0,110326,AXXME_110326_JTM
AXXMI,House-District,,8,0,110326,AXXMI_110326_MMM
AXXMN,House-District,,8,0,110326,AXXMN_110326_PF
AXXMS,House-District,,6,0,110326,AXXMS_110326_SC
AXXMT,House-District,,4,0,110326,AXXMT_110326_RN
AXXNC,House-District,,4,0,110326,AXXNC_110326_RC
AXXNE,House-District,,6,0,110326,AXXNE_110326_PR
AXXNH,House-District,,6,0,110326,AXXNH_110326_CP
AXXNJ,House-District,,4,0,110326,AXXNJ_110326_CB
AXXNM,House-District,,4,0,110326,AXXNM_110326_BRJ
AXXOK,House-District,,2,0,110326,AXXOK_110326_MM
AXXOR,House-District,,2,0,110326,AXXOR_110326_JM
AXXRI,House-District,,2,0,110326,AXXRI_110326_JR
AXXSC,House-District,,6,0,110326,AXXSC_110326_CFB
AXXSD,House-District,,2,0,110326,AXXSD_110326_MR
AXXTN,House-District,,2,0,110326,AXXTN_110326_BH
AXXTX,House-District,,10,0,110326,AXXTX_110326_JCR
AXXVA,House-District,,6,0,110326,AXXVA_110326_MW
AXXWV,House-District,,8,0,110326,AXXWV_110326_ZS
AXXWY,House-District,,2,0,110326,AXXWY_110326_HH
BPMI,Economic-US,US Building Permits,120,1462,0126;0226;0326;0626;1125,BPMI_0626_1556000
BSTAI,Financial,Best AI Model,12,0,022826,BSTAI_022826_Gemini
CACPI,,,170,2920,0126;0226;0326;0626;1226,CACPI_0626_1.6
CADEC,,,30,1546,031826;042926;061026,CADEC_031826_H50
CAGDP,,,70,940,Q126;Q226;Q326;Q425,CAGDP_Q425_-0.2
CANHI,,,40,210,0126;0326,CANHI_0126_-0.5
CAOR,,,52,240,031826;042926;073026,CAOR_031826_1.25
CAREC,,,12,320,Q126;Q226;Q326;Q425;Q426,CAREC_Q126_0
CAUNR,,,68,1700,0226;0326;0426;0626;1226,CAUNR_0326_5
CBADA,Crypto,Crypto Cardano Price Daily,132,406,021226;021326;021426;021526;021626,CBADA_021226_0.2
CBBTC,Crypto,Crypto Bitcoin Price Daily,168,83696,021226;021326;021426;021526;021626,CBBTC_021226_59000
CBETH,Crypto,Crypto Ethereum Price Daily,138,25838,021226;021326;021426;021526;021626,CBETH_021226_1650
CBMGW,Crypto,Crypto March Madness,112,0,020726CLEMCAL;020726DUKEUNC;020726FSUND;020726GTSTAN;020726LOUWAKE,CBMGW_020726VTNCSU_NCSU
CENVD,Climate,Clean Energy Nevada,2,200,063026,CENVD_063026_NVD
CFDOG,Crypto,Crypto Dogecoin Futures,52,0,02122616;02132616,CFDOG_02122616_0.06
CFSFP,Crypto,Crypto Solana Futures Price,2,0,123126,CFSFP_123126_0
CFSOL,Crypto,Crypto Solana Price Daily,68,0,02122616;02132616,CFSOL_02122616_66
CFXRP,Crypto,Crypto XRP Price Daily,44,0,02122616;02132616,CFXRP_02122616_1.1
CHDE1,,,24,0,022026;032026;042026;052026,CHDE1_022026_G0
CHDE5,,,24,0,022026;032026;042026;052026,CHDE5_022026_G0
CHICC,,,28,0,022726;122526,CHICC_122526_900
CMCAC,,,134,380,0126;0226;0626;0627;1225,CMCAC_0626_23
CMCAN,,,138,4180,0126;0226;0626;0627;1225,CMCAN_0626_26000
CMUSC,,,150,4022,0126;0226;0626;0627;1225,CMUSC_0626_23000
CMUSN,,,122,1000,0126;0226;0626;0627;1225,CMUSN_0626_1200000
COMCO,Commodities,Copper Price,26,0,022726,COMCO_022726_59
COMCP,Commodities,Copper Price,22,0,022726,COMCP_022726_5.5
COMHH,Commodities,Natural Gas Henry Hub,26,0,022726,COMHH_022726_2
CP,Economic-US,US Corporate Profits,148,3434,Q126;Q226;Q326;Q425;Q426,CP_Q126_0.0
CPCEY,,,86,3420,0126;0226;1225;1226,CPCEY_1225_2.4
CPIC,,,108,9734,0126;0226;0326;0626;1226,CPIC_0626_2.3
CPIGE,,,98,1722,0126;0226;0326;1226,CPIGE_1226_120
CPIIN,,,90,3300,0126;0226;0326;1226,CPIIN_1226_189
CPIJP,,,110,0,0126;0226;0326;1226,CPIJP_1226_109.6
CPISP,,,98,3300,0126;0226;0326;1226,CPISP_1226_116
CPIY,Economic-US,US Consumer Price Index YoY,124,13892,0126;0226;0326;0626;1226,CPIY_0626_2.2
CRENU,,,2,0,123126,CRENU_123126_NiU
CREXU,,,2,0,123126,CREXU_123126_XiU
CRUDB,Commodities,Crude Oil Brent,22,0,022726,CRUDB_022726_24
CRUDW,Commodities,Crude Oil WTI,22,0,022726,CRUDW_022726_16
CS,Economic-US,US Consumer Sentiment,90,480,0226;0326;0426;1226,CS_0326_50
CTB1A,Company-Tech,,2,502,022826,CTB1A_022826_February2026
CTB1C,Company-Tech,,2,4,022826,CTB1C_022826_February2026
CTE2A,Company-Tech,,2,300,022826,CTE2A_022826_February2026
CTE2B,Company-Tech,,2,1400,022826,CTE2B_022826_February2026
CTE2C,Company-Tech,,2,0,022826,CTE2C_022826_February2026
DISSA,,,6,260,031826;042926;061726,DISSA_031826_0
DISSN,,,30,1440,031826;042926;061726,DISSN_031826_0
ELGPC,,,28,0,1225;1226,ELGPC_1225_3
ELGPH,,,36,0,1225;1226,ELGPH_1225_4.8
ELGPN,,,36,0,1225;1226,ELGPN_1225_39
ELGPP,,,28,0,1225;1226,ELGPP_1225_0.05
ELGPR,,,36,0,1225;1226,ELGPR_1225_16.6
ELGPS,,,28,0,1225;1226,ELGPS_1225_4.6
ELGPW,,,28,0,1225;1226,ELGPW_1225_7.6
EMCAC,,,132,1960,0126;0226;0626;0627;1225,EMCAC_0626_6
EMCAR,,,122,5880,0126;0226;0626;0627;1225,EMCAR_0626_400
EMCAX,,,152,1082,0126;0226;0626;0627;1225,EMCAX_0626_6100
EMUSA,,,214,34350,0126;0226;0626;0627;1225,EMUSA_0626_280000
EMUSC,,,152,5440,0126;0226;0626;0627;1225,EMUSC_0626_36000
EMUSR,,,196,25774,0126;0226;0626;0627;1225,EMUSR_0626_63000
EMUSX,,,264,13600,0126;0226;0626;0627;1225,EMUSX_0626_61000
EUAIA,,,2,200,123126,EUAIA_123126_0
EUCB,,,122,13540,0326;0426;0626;0726;0926,EUCB_0326_1.9
EUCHF,,,44,0,021226;021326,EUCHF_021226_0.885
EUDEC,,,30,0,031926;043026;061126,EUDEC_031926_H50
EXXFL,House-District,,10,0,110326,EXXFL_110326_AG
EXXOH,House-District,,4,0,110326,EXXOH_110326_SB
EZGDP,,,46,240,Q126;Q226;Q326;Q426,EZGDP_Q126_-0.1
EZICP,,,128,1180,0226;0326;0426;0626;0627,EZICP_0326_0.2
EZR,,,10,120,Q126;Q226;Q326;Q426;Q427,EZR_Q126_0
EZUNR,,,96,240,0126;0226;0326;0626;1226,EZUNR_0326_4.6
FEDLG,Elections,Federal Legislation,2,0,123126,FEDLG_123126_Robotaxis
FEDRC,Elections,Federal Reserve Chair,16,40,120926,FEDRC_120926_1
FEDRO,Elections,Federal Regulatory Outcome,24,604,1126;1128,"FEDRO_1128_Senate-R,House-R,President-R"
FES,Financial,S&P 500 E-mini Futures,332,834212,021126;021226;021326;021726;021826,FES_033126_5850
FF,Economic-US,US Fed Funds Target Rate,220,21222,012827;031926;043026;061826;073026,FF_012827_3.125
FFDEC,Economic-US,US Fed Funds Rate Decision,30,119114,021826;042926;061726,FFDEC_021826_H50
FNQ,Financial,Nasdaq 100 E-mini Futures,232,193170,021126;021226;021326;021726;021826,FNQ_033126_16000
FRERC,,,92,4540,0126;0226;1225;1226,FRERC_1225_880000
FRERI,,,90,6400,0126;0226;1225;1226,FRERI_1225_900000
FRTY,Financial,Russell 2000 Futures,52,140,022726;123126,FRTY_123126_1200
FUSCF,,,6,0,0926,FUSCF_0926_1
FUSGF,,,6,0,0926,FUSGF_0926_1
FUSHE,,,6,0,0926,FUSHE_0926_1
FYM,Financial,Dow Jones E-mini Futures,226,8264,021126;021226;021326;021726;021826,FYM_033126_37300
G01AK,Governor-Race,,2,0,110326,G01AK_110326_NB
G01AL,Governor-Race,,6,0,110326,G01AL_110326_JC
G01AR,Governor-Race,,2,0,110326,G01AR_110326_RC
G01AZ,Governor-Race,,8,0,110326,G01AZ_110326_AS
G01CA,Governor-Race,,4,0,110326,G01CA_110326_MMG
G01CO,Governor-Race,,6,0,110326,G01CO_110326_DDG
G01CT,Governor-Race,,8,0,110326,G01CT_110326_JL
G01DE,Governor-Race,,6,0,110326,G01DE_110326_SMB
G01FL,Governor-Race,,6,0,110326,G01FL_110326_JP
G01GA,Governor-Race,,4,0,110326,G01GA_110326_MMC
G01HI,Governor-Race,,6,0,110326,G01HI_110326_EC
G01IA,Governor-Race,,8,0,110326,G01IA_110326_CB
G01ID,Governor-Race,,4,0,110326,G01ID_110326_KP
G01IL,Governor-Race,,4,0,110326,G01IL_110326_JJ
G01IN,Governor-Race,,6,0,110326,G01IN_110326_FM
G01KS,Governor-Race,,4,0,110326,G01KS_110326_CMR
G01KY,Governor-Race,,2,0,110326,G01KY_110326_JCJ
G01LA,Governor-Race,,2,0,110326,G01LA_110326_SS
G01MA,Governor-Race,,4,0,110326,G01MA_110326_RN
G01MD,Governor-Race,,12,0,110326,G01MD_110326_AH
G01ME,Governor-Race,,8,0,110326,G01ME_110326_CP
G01MI,Governor-Race,,8,0,110326,G01MI_110326_JB
G01MN,Governor-Race,,6,0,110326,G01MN_110326_BF
G01MO,Governor-Race,,4,0,110326,G01MO_110326_CB
G01MS,Governor-Race,,6,0,110326,G01MS_110326_TK
G01MT,Governor-Race,,4,0,110326,G01MT_110326_RZ
G01NC,Governor-Race,,4,0,110326,G01NC_110326_DD
G01NE,Governor-Race,,4,0,110326,G01NE_110326_MF
G01NH,Governor-Race,,4,0,110326,G01NH_110326_RP
G01NJ,Governor-Race,,4,0,110326,G01NJ_110326_DN
G01NM,Governor-Race,,6,0,110326,G01NM_110326_MAS
G01NV,Governor-Race,,4,0,110326,G01NV_110326_DT
G01NY,Governor-Race,,10,0,110326,G01NY_110326_NJL
G01OH,Governor-Race,,2,0,110326,G01OH_110326_JH
G01OK,Governor-Race,,8,0,110326,G01OK_110326_KH
G01OR,Governor-Race,,2,0,110326,G01OR_110326_SB
G01PA,Governor-Race,,12,0,110326,G01PA_110326_BF
G01RI,Governor-Race,,2,0,110326,G01RI_110326_WC
G01SC,Governor-Race,,8,0,110326,G01SC_110326_MD
G01SD,Governor-Race,,2,0,110326,G01SD_110326_JP
G01TN,Governor-Race,,4,0,110326,G01TN_110326_DH
G01TX,Governor-Race,,6,0,110326,G01TX_110326_NM
G01UT,Governor-Race,,4,0,110326,G01UT_110326_BMA
G01VA,Governor-Race,,8,0,110326,G01VA_110326_EB
G01VT,Governor-Race,,4,0,110326,G01VT_110326_MC
G01WA,Governor-Race,,4,0,110326,G01WA_110326_HG
G01WI,Governor-Race,,8,0,110326,G01WI_110326_MA
G01WV,Governor-Race,,6,0,110326,G01WV_110326_LJ
G01WY,Governor-Race,,4,0,110326,G01WY_110326_CG
G02AL,Governor-Race,,2,0,110326,G02AL_110326_SF
G02AR,Governor-Race,,4,0,110326,G02AR_110326_FH
G02AZ,Governor-Race,,4,0,110326,G02AZ_110326_ED
G02CA,Governor-Race,,2,0,110326,G02CA_110326_JH
G02CO,Governor-Race,,2,0,110326,G02CO_110326_JN
G02CT,Governor-Race,,6,0,110326,G02CT_110326_JC
G02FL,Governor-Race,,6,0,110326,G02FL_110326_YB
G02GA,Governor-Race,,2,0,110326,G02GA_110326_SBJ
G02HI,Governor-Race,,4,0,110326,G02HI_110326_JT
G02IA,Governor-Race,,10,0,110326,G02IA_110326_KJ
G02ID,Governor-Race,,4,0,110326,G02ID_110326_JW
G02IL,Governor-Race,,8,0,110326,G02IL_110326_YB
G02IN,Governor-Race,,4,0,110326,G02IN_110326_JD
G02KS,Governor-Race,,2,0,110326,G02KS_110326_DS
G02KY,Governor-Race,,4,0,110326,G02KY_110326_WC
G02LA,Governor-Race,,4,0,110326,G02LA_110326_TC
G02MA,Governor-Race,,2,0,110326,G02MA_110326_JM
G02MD,Governor-Race,,4,0,110326,G02MD_110326_JO
G02ME,Governor-Race,,10,0,110326,G02ME_110326_PL
G02MI,Governor-Race,,8,0,110326,G02MI_110326_JM
G02MN,Governor-Race,,10,0,110326,G02MN_110326_KB
G02MO,Governor-Race,,6,0,110326,G02MO_110326_AW
G02MS,Governor-Race,,6,0,110326,G02MS_110326_BT
G02MT,Governor-Race,,4,0,110326,G02MT_110326_TD
G02NC,Governor-Race,,6,0,110326,G02NC_110326_DR
G02NE,Governor-Race,,6,0,110326,G02NE_110326_DB
G02NH,Governor-Race,,6,0,110326,G02NH_110326_MG
G02NJ,Governor-Race,,4,0,110326,G02NJ_110326_JVD
G02NM,Governor-Race,,6,0,110326,G02NM_110326_GV
G02NV,Governor-Race,,6,0,110326,G02NV_110326_MA2
G02NY,Governor-Race,,10,0,110326,G02NY_110326_AG
G02OH,Governor-Race,,2,0,110326,G02OH_110326_DT
G02OK,Governor-Race,,6,0,110326,G02OK_110326_JB
G02OR,Governor-Race,,12,0,110326,G02OR_110326_CB
G02PA,Governor-Race,,6,0,110326,G02PA_110326_BB
G02RI,Governor-Race,,2,0,110326,G02RI_110326_AA
G02SC,Governor-Race,,6,0,110326,G02SC_110326_JW
G02TN,Governor-Race,,2,0,110326,G02TN_110326_TB
G02TX,Governor-Race,,6,0,110326,G02TX_110326_DC
G02UT,Governor-Race,,8,0,110326,G02UT_110326_PC
G02VA,Governor-Race,,8,0,110326,G02VA_110326_ND
G02WA,Governor-Race,,4,0,110326,G02WA_110326_TS
G02WI,Governor-Race,,4,0,110326,G02WI_110326_EO
G02WV,Governor-Race,,4,0,110326,G02WV_110326_SW
G03AL,Governor-Race,,2,0,110326,G03AL_110326_MR
G03AR,Governor-Race,,2,0,110326,G03AR_110326_SW
G03AZ,Governor-Race,,2,0,110326,G03AZ_110326_YA
G03CA,Governor-Race,,6,0,110326,G03CA_110326_AB
G03CO,Governor-Race,,6,0,110326,G03CO_110326_KD
G03CT,Governor-Race,,2,0,110326,G03CT_110326_RDL
G03FL,Governor-Race,,2,0,110326,G03FL_110326_KC
G03GA,Governor-Race,,4,0,110326,G03GA_110326_AB
G03IA,Governor-Race,,8,0,110326,G03IA_110326_LB
G03IL,Governor-Race,,2,0,110326,G03IL_110326_DR
G03IN,Governor-Race,,4,0,110326,G03IN_110326_PG
G03KS,Governor-Race,,2,0,110326,G03KS_110326_SD
G03KY,Governor-Race,,2,0,110326,G03KY_110326_MMG
G03LA,Governor-Race,,4,0,110326,G03LA_110326_CH
G03MA,Governor-Race,,2,0,110326,G03MA_110326_LT
G03MD,Governor-Race,,4,0,110326,G03MD_110326_SE
G03MI,Governor-Race,,6,0,110326,G03MI_110326_HS
G03MN,Governor-Race,,4,0,110326,G03MN_110326_KM
G03MO,Governor-Race,,4,0,110326,G03MO_110326_BL
G03MS,Governor-Race,,6,0,110326,G03MS_110326_MG
G03NC,Governor-Race,,4,0,110326,G03NC_110326_GM
G03NE,Governor-Race,,4,0,110326,G03NE_110326_AS
G03NJ,Governor-Race,,4,0,110326,G03NJ_110326_HC
G03NM,Governor-Race,,4,0,110326,G03NM_110326_TLF
G03NV,Governor-Race,,4,0,110326,G03NV_110326_SL
G03NY,Governor-Race,,4,0,110326,G03NY_110326_TS
G03OH,Governor-Race,,2,0,110326,G03OH_110326_JB
G03OK,Governor-Race,,6,0,110326,G03OK_110326_FL
G03OR,Governor-Race,,4,0,110326,G03OR_110326_MD
G03PA,Governor-Race,,8,0,110326,G03PA_110326_CC
G03SC,Governor-Race,,2,0,110326,G03SC_110326_SB
G03TN,Governor-Race,,4,0,110326,G03TN_110326_DH
G03TX,Governor-Race,,6,0,110326,G03TX_110326_KS
G03UT,Governor-Race,,4,0,110326,G03UT_110326_SM
G03VA,Governor-Race,,4,0,110326,G03VA_110326_JM
G03WA,Governor-Race,,8,0,110326,G03WA_110326_BH
G03WI,Governor-Race,,6,0,110326,G03WI_110326_EB
G04AL,Governor-Race,,2,0,110326,G04AL_110326_RA
G04AR,Governor-Race,,2,0,110326,G04AR_110326_BW
G04AZ,Governor-Race,,8,0,110326,G04AZ_110326_GS
G04CA,Governor-Race,,4,0,110326,G04CA_110326_MT
G04CO,Governor-Race,,6,0,110326,G04CO_110326_LB
G04CT,Governor-Race,,2,0,110326,G04CT_110326_JH
G04FL,Governor-Race,,4,0,110326,G04FL_110326_AB
G04GA,Governor-Race,,2,0,110326,G04GA_110326_HJ
G04IA,Governor-Race,,6,0,110326,G04IA_110326_DD
G04IL,Governor-Race,,4,0,110326,G04IL_110326_PG
G04IN,Governor-Race,,4,0,110326,G04IN_110326_JB
G04KS,Governor-Race,,2,0,110326,G04KS_110326_RE
G04KY,Governor-Race,,2,0,110326,G04KY_110326_TM
G04LA,Governor-Race,,8,0,110326,G04LA_110326_MJ
G04MA,Governor-Race,,2,0,110326,G04MA_110326_JA
G04MD,Governor-Race,,8,0,110326,G04MD_110326_GI
G04MI,Governor-Race,,8,0,110326,G04MI_110326_BH
G04MN,Governor-Race,,2,0,110326,G04MN_110326_BM
G04MO,Governor-Race,,4,0,110326,G04MO_110326_MA
G04MS,Governor-Race,,6,0,110326,G04MS_110326_ME
G04NC,Governor-Race,,4,0,110326,G04NC_110326_MG
G04NJ,Governor-Race,,4,0,110326,G04NJ_110326_CS
G04NV,Governor-Race,,4,0,110326,G04NV_110326_SH
G04NY,Governor-Race,,14,0,110326,G04NY_110326_LG
G04OH,Governor-Race,,6,0,110326,G04OH_110326_JK
G04OK,Governor-Race,,10,0,110326,G04OK_110326_TC
G04OR,Governor-Race,,10,0,110326,G04OR_110326_VH
G04PA,Governor-Race,,4,0,110326,G04PA_110326_MD
G04SC,Governor-Race,,6,0,110326,G04SC_110326_WT
G04TN,Governor-Race,,8,0,110326,G04TN_110326_VB
G04TX,Governor-Race,,8,0,110326,G04TX_110326_PF
G04UT,Governor-Race,,4,0,110326,G04UT_110326_JL
G04VA,Governor-Race,,2,0,110326,G04VA_110326_JMG
G04WA,Governor-Race,,4,0,110326,G04WA_110326_JS
G04WI,Governor-Race,,2,0,110326,G04WI_110326_SF
G05AL,Governor-Race,,4,0,110326,G05AL_110326_AS
G05AZ,Governor-Race,,8,0,110326,G05AZ_110326_CJ
G05CA,Governor-Race,,2,0,110326,G05CA_110326_TMC
G05CO,Governor-Race,,6,0,110326,G05CO_110326_JC
G05CT,Governor-Race,,2,0,110326,G05CT_110326_JH
G05FL,Governor-Race,,2,0,110326,G05FL_110326_JR
G05GA,Governor-Race,,2,0,110326,G05GA_110326_AC
G05IL,Governor-Race,,4,0,110326,G05IL_110326_MQ
G05IN,Governor-Race,,4,0,110326,G05IN_110326_JDF
G05KY,Governor-Race,,2,0,110326,G05KY_110326_HR
G05LA,Governor-Race,,4,0,110326,G05LA_110326_LD
G05MA,Governor-Race,,6,0,110326,G05MA_110326_KC
G05MD,Governor-Race,,6,0,110326,G05MD_110326_QB
G05MI,Governor-Race,,6,0,110326,G05MI_110326_TW
G05MN,Governor-Race,,4,0,110326,G05MN_110326_IO
G05MO,Governor-Race,,4,0,110326,G05MO_110326_EC
G05NC,Governor-Race,,4,0,110326,G05NC_110326_RL
G05NJ,Governor-Race,,4,0,110326,G05NJ_110326_JG
G05NY,Governor-Race,,4,0,110326,G05NY_110326_GWM
G05OH,Governor-Race,,8,0,110326,G05OH_110326_DB
G05OK,Governor-Race,,2,0,110326,G05OK_110326_SB
G05OR,Governor-Race,,8,0,110326,G05OR_110326_JB
G05PA,Governor-Race,,6,0,110326,G05PA_110326_MGS
G05SC,Governor-Race,,10,0,110326,G05SC_110326_AC
G05TN,Governor-Race,,4,0,110326,G05TN_110326_KB
G05TX,Governor-Race,,6,0,110326,G05TX_110326_DF
G05VA,Governor-Race,,8,0,110326,G05VA_110326_TP
G05WA,Governor-Race,,6,0,110326,G05WA_110326_CC
G05WI,Governor-Race,,6,0,110326,G05WI_110326_AB
G06AL,Governor-Race,,6,0,110326,G06AL_110326_EA
G06AZ,Governor-Race,,4,0,110326,G06AZ_110326_JAM
G06CA,Governor-Race,,4,0,110326,G06CA_110326_RP
G06CO,Governor-Race,,6,0,110326,G06CO_110326_JC
G06FL,Governor-Race,,6,0,110326,G06FL_110326_RF
G06GA,Governor-Race,,2,0,110326,G06GA_110326_SH
G06IL,Governor-Race,,2,0,110326,G06IL_110326_SC
G06IN,Governor-Race,,2,0,110326,G06IN_110326_JS
G06KY,Governor-Race,,4,0,110326,G06KY_110326_RA
G06LA,Governor-Race,,4,0,110326,G06LA_110326_CF
G06MA,Governor-Race,,14,0,110326,G06MA_110326_BAB
G06MD,Governor-Race,,6,0,110326,G06MD_110326_AMD
G06MI,Governor-Race,,4,0,110326,G06MI_110326_DD
G06MN,Governor-Race,,6,0,110326,G06MN_110326_TE
G06MO,Governor-Race,,4,0,110326,G06MO_110326_SG
G06NC,Governor-Race,,4,0,110326,G06NC_110326_AM
G06NJ,Governor-Race,,4,0,110326,G06NJ_110326_FP
G06NY,Governor-Race,,6,0,110326,G06NY_110326_GM
G06OH,Governor-Race,,12,0,110326,G06OH_110326_SB
G06OR,Governor-Race,,4,0,110326,G06OR_110326_AS
G06PA,Governor-Race,,4,0,110326,G06PA_110326_CH
G06SC,Governor-Race,,2,0,110326,G06SC_110326_JC
G06TN,Governor-Race,,4,0,110326,G06TN_110326_DB
G06TX,Governor-Race,,4,0,110326,G06TX_110326_JE
G06VA,Governor-Race,,10,0,110326,G06VA_110326_PB
G06WA,Governor-Race,,2,0,110326,G06WA_110326_PJ
G06WI,Governor-Race,,10,0,110326,G06WI_110326_AB
G07AL,Governor-Race,,2,0,110326,G07AL_110326_TS
G07AZ,Governor-Race,,4,0,110326,G07AZ_110326_AG
G07CA,Governor-Race,,4,0,110326,G07CA_110326_MV
G07CO,Governor-Race,,2,0,110326,G07CO_110326_BP
G07FL,Governor-Race,,6,0,110326,G07FL_110326_CM
G07GA,Governor-Race,,2,0,110326,G07GA_110326_RMC
G07IL,Governor-Race,,12,0,110326,G07IL_110326_RB
G07IN,Governor-Race,,4,0,110326,G07IN_110326_AC
G07MA,Governor-Race,,2,0,110326,G07MA_110326_AP
G07MD,Governor-Race,,10,0,110326,G07MD_110326_KM
G07MI,Governor-Race,,16,0,110326,G07MI_110326_TB
G07MN,Governor-Race,,10,0,110326,G07MN_110326_MF
G07MO,Governor-Race,,4,0,110326,G07MO_110326_EB
G07NC,Governor-Race,,4,0,110326,G07NC_110326_KH
G07NJ,Governor-Race,,4,0,110326,G07NJ_110326_TKJ
G07NY,Governor-Race,,10,0,110326,G07NY_110326_SC
G07OH,Governor-Race,,12,0,110326,G07OH_110326_ME
G07PA,Governor-Race,,10,0,110326,G07PA_110326_RM
G07SC,Governor-Race,,6,0,110326,G07SC_110326_RF
G07TN,Governor-Race,,6,0,110326,G07TN_110326_MVE
G07TX,Governor-Race,,6,0,110326,G07TX_110326_LF
G07VA,Governor-Race,,8,0,110326,G07VA_110326_AT
G07WA,Governor-Race,,2,0,110326,G07WA_110326_KS
G07WI,Governor-Race,,6,0,110326,G07WI_110326_GM
G08AZ,Governor-Race,,2,0,110326,G08AZ_110326_AH
G08CA,Governor-Race,,2,0,110326,G08CA_110326_JG
G08CO,Governor-Race,,6,0,110326,G08CO_110326_SB
G08FL,Governor-Race,,2,0,110326,G08FL_110326_MH
G08GA,Governor-Race,,4,0,110326,G08GA_110326_AS
G08IL,Governor-Race,,6,0,110326,G08IL_110326_JD
G08IN,Governor-Race,,4,0,110326,G08IN_110326_MA
G08MA,Governor-Race,,4,0,110326,G08MA_110326_SL
G08MD,Governor-Race,,4,0,110326,G08MD_110326_JR
G08MI,Governor-Race,,4,0,110326,G08MI_110326_KMR
G08MN,Governor-Race,,10,0,110326,G08MN_110326_PS
G08MO,Governor-Race,,4,0,110326,G08MO_110326_JS
G08NC,Governor-Race,,2,0,110326,G08NC_110326_MH
G08NJ,Governor-Race,,4,0,110326,G08NJ_110326_RM
G08NY,Governor-Race,,4,0,110326,G08NY_110326_HJ
G08OH,Governor-Race,,4,0,110326,G08OH_110326_MG
G08PA,Governor-Race,,6,0,110326,G08PA_110326_RB
G08TN,Governor-Race,,4,0,110326,G08TN_110326_WW
G08TX,Governor-Race,,6,0,110326,G08TX_110326_KC
G08VA,Governor-Race,,10,0,110326,G08VA_110326_MD
G08WA,Governor-Race,,6,0,110326,G08WA_110326_BH
G08WI,Governor-Race,,6,0,110326,G08WI_110326_RC
G09AZ,Governor-Race,,2,0,110326,G09AZ_110326_PG
G09CA,Governor-Race,,2,0,110326,G09CA_110326_JH
G09FL,Governor-Race,,4,0,110326,G09FL_110326_DS
G09GA,Governor-Race,,6,0,110326,G09GA_110326_NA
G09IL,Governor-Race,,8,0,110326,G09IL_110326_JE
G09IN,Governor-Race,,4,0,110326,G09IN_110326_TP
G09MA,Governor-Race,,2,0,110326,G09MA_110326_TM
G09MI,Governor-Race,,10,0,110326,G09MI_110326_LM
G09NC,Governor-Race,,4,0,110326,G09NC_110326_RH
G09NJ,Governor-Race,,4,0,110326,G09NJ_110326_BP
G09NY,Governor-Race,,8,0,110326,G09NY_110326_YDC
G09OH,Governor-Race,,16,0,110326,G09OH_110326_DG
G09PA,Governor-Race,,10,0,110326,G09PA_110326_DM
G09TN,Governor-Race,,6,0,110326,G09TN_110326_JP
G09TX,Governor-Race,,6,0,110326,G09TX_110326_EC
G09VA,Governor-Race,,6,0,110326,G09VA_110326_BH
G09WA,Governor-Race,,6,0,110326,G09WA_110326_MC
G10CA,Governor-Race,,4,0,110326,G10CA_110326_MDS
G10FL,Governor-Race,,4,0,110326,G10FL_110326_MAF
G10GA,Governor-Race,,2,0,110326,G10GA_110326_HG
G10IL,Governor-Race,,4,0,110326,G10IL_110326_BS
G10MI,Governor-Race,,8,0,110326,G10MI_110326_TA
G10NC,Governor-Race,,2,0,110326,G10NC_110326_SF
G10NJ,Governor-Race,,4,0,110326,G10NJ_110326_DPJ
G10NY,Governor-Race,,8,0,110326,G10NY_110326_DG
G10OH,Governor-Race,,4,0,110326,G10OH_110326_KK
G10PA,Governor-Race,,14,0,110326,G10PA_110326_SP
G10TX,Governor-Race,,6,0,110326,G10TX_110326_DM
G10VA,Governor-Race,,4,0,110326,G10VA_110326_JP
G10WA,Governor-Race,,4,0,110326,G10WA_110326_AA
G11CA,Governor-Race,,4,0,110326,G11CA_110326_SC
G11FL,Governor-Race,,2,0,110326,G11FL_110326_DW
G11GA,Governor-Race,,2,0,110326,G11GA_110326_BL
G11IL,Governor-Race,,4,0,110326,G11IL_110326_BF
G11MI,Governor-Race,,10,0,110326,G11MI_110326_AF
G11NC,Governor-Race,,4,0,110326,G11NC_110326_TG
G11NJ,Governor-Race,,4,0,110326,G11NJ_110326_MS
G11NY,Governor-Race,,6,0,110326,G11NY_110326_NM
G11OH,Governor-Race,,8,0,110326,G11OH_110326_SB
G11PA,Governor-Race,,8,0,110326,G11PA_110326_LSm
G11TX,Governor-Race,,6,0,110326,G11TX_110326_CR
G11VA,Governor-Race,,8,0,110326,G11VA_110326_SP
G12CA,Governor-Race,,2,0,110326,G12CA_110326_LS
G12FL,Governor-Race,,2,0,110326,G12FL_110326_GB
G12GA,Governor-Race,,6,0,110326,G12GA_110326_CS
G12IL,Governor-Race,,2,0,110326,G12IL_110326_MB
G12MI,Governor-Race,,6,0,110326,G12MI_110326_RT
G12NC,Governor-Race,,6,0,110326,G12NC_110326_AA
G12NJ,Governor-Race,,4,0,110326,G12NJ_110326_BWC
G12NY,Governor-Race,,10,0,110326,G12NY_110326_MB
G12OH,Governor-Race,,6,0,110326,G12OH_110326_JC
G12PA,Governor-Race,,10,0,110326,G12PA_110326_SL
G12TX,Governor-Race,,6,0,110326,G12TX_110326_KMA
G13CA,Governor-Race,,8,0,110326,G13CA_110326_AG
G13FL,Governor-Race,,4,0,110326,G13FL_110326_APL
G13GA,Governor-Race,,10,0,110326,G13GA_110326_DS
G13IL,Governor-Race,,4,0,110326,G13IL_110326_NB
G13MI,Governor-Race,,6,0,110326,G13MI_110326_ST
G13NC,Governor-Race,,4,0,110326,G13NC_110326_AA
G13NY,Governor-Race,,6,0,110326,G13NY_110326_AE
G13OH,Governor-Race,,2,0,110326,G13OH_110326_SD
G13PA,Governor-Race,,4,0,110326,G13PA_110326_JJ
G13TX,Governor-Race,,6,0,110326,G13TX_110326_MN
G14CA,Governor-Race,,4,0,110326,G14CA_110326_MO
G14FL,Governor-Race,,2,0,110326,G14FL_110326_KC
G14GA,Governor-Race,,4,0,110326,G14GA_110326_SH
G14IL,Governor-Race,,4,0,110326,G14IL_110326_LU
G14NC,Governor-Race,,6,0,110326,G14NC_110326_BC
G14NY,Governor-Race,,10,0,110326,G14NY_110326_AOC
G14OH,Governor-Race,,6,0,110326,G14OH_110326_BO
G14PA,Governor-Race,,4,0,110326,G14PA_110326_GR
G14TX,Governor-Race,,6,0,110326,G14TX_110326_TBB
G15CA,Governor-Race,,2,0,110326,G15CA_110326_KM
G15FL,Governor-Race,,6,0,110326,G15FL_110326_LL
G15IL,Governor-Race,,6,0,110326,G15IL_110326_JD
G15NY,Governor-Race,,8,0,110326,G15NY_110326_MB2
G15OH,Governor-Race,,8,0,110326,G15OH_110326_DL
G15PA,Governor-Race,,4,0,110326,G15PA_110326_GT
G15TX,Governor-Race,,6,0,110326,G15TX_110326_AC
G16CA,Governor-Race,,2,0,110326,G16CA_110326_SL
G16FL,Governor-Race,,4,0,110326,G16FL_110326_VB
G16IL,Governor-Race,,4,0,110326,G16IL_110326_PN
G16NY,Governor-Race,,2,0,110326,G16NY_110326_GL
G16PA,Governor-Race,,6,0,110326,G16PA_110326_MK
G16TX,Governor-Race,,6,0,110326,G16TX_110326_VE
G17CA,Governor-Race,,2,0,110326,G17CA_110326_RK
G17FL,Governor-Race,,2,0,110326,G17FL_110326_GS
G17IL,Governor-Race,,4,0,110326,G17IL_110326_ES
G17NY,Governor-Race,,8,0,110326,G17NY_110326_MLR
G17PA,Governor-Race,,4,0,110326,G17PA_110326_CD
G17TX,Governor-Race,,6,0,110326,G17TX_110326_PS
G18CA,Governor-Race,,2,0,110326,G18CA_110326_ZL
G18FL,Governor-Race,,2,0,110326,G18FL_110326_SF
G18NY,Governor-Race,,4,0,110326,G18NY_110326_PR
G18TX,Governor-Race,,6,0,110326,G18TX_110326_AG
G19CA,Governor-Race,,4,0,110326,G19CA_110326_JP
G19FL,Governor-Race,,10,0,110326,G19FL_110326_MC
G19NY,Governor-Race,,6,0,110326,G19NY_110326_JR
G19TX,Governor-Race,,6,0,110326,G19TX_110326_KR
G20CA,Governor-Race,,2,0,110326,G20CA_110326_VF
G20FL,Governor-Race,,8,0,110326,G20FL_110326_SCMC
G20NY,Governor-Race,,2,0,110326,G20NY_110326_PT
G20TX,Governor-Race,,6,0,110326,G20TX_110326_AT
G21CA,Governor-Race,,4,0,110326,G21CA_110326_JC
G21FL,Governor-Race,,4,0,110326,G21FL_110326_BM
G21NY,Governor-Race,,8,0,110326,G21NY_110326_SA
G21TX,Governor-Race,,4,0,110326,G21TX_110326_KH
G22CA,Governor-Race,,6,0,110326,G22CA_110326_DV
G22FL,Governor-Race,,6,0,110326,G22FL_110326_LF
G22NY,Governor-Race,,8,0,110326,G22NY_110326_JM
G22TX,Governor-Race,,6,0,110326,G22TX_110326_MGS
G23CA,Governor-Race,,4,0,110326,G23CA_110326_JO
G23FL,Governor-Race,,10,0,110326,G23FL_110326_JM
G23NY,Governor-Race,,10,0,110326,G23NY_110326_NL
G23TX,Governor-Race,,4,0,110326,G23TX_110326_PHA
G24CA,Governor-Race,,4,0,110326,G24CA_110326_SC
G24FL,Governor-Race,,2,0,110326,G24FL_110326_FW
G24NY,Governor-Race,,10,0,110326,G24NY_110326_CT
G24TX,Governor-Race,,6,0,110326,G24TX_110326_BVD
G25CA,Governor-Race,,2,0,110326,G25CA_110326_RR
G25FL,Governor-Race,,4,0,110326,G25FL_110326_DWS
G25NY,Governor-Race,,4,0,110326,G25NY_110326_JM
G25TX,Governor-Race,,6,0,110326,G25TX_110326_RW
G26CA,Governor-Race,,4,0,110326,G26CA_110326_JI
G26FL,Governor-Race,,2,0,110326,G26FL_110326_MDB
G26NY,Governor-Race,,2,0,110326,G26NY_110326_TMK
G26TX,Governor-Race,,6,0,110326,G26TX_110326_BG
G27CA,Governor-Race,,4,0,110326,G27CA_110326_GW
G27FL,Governor-Race,,6,0,110326,G27FL_110326_MES
G27TX,Governor-Race,,6,0,110326,G27TX_110326_DM
G28CA,Governor-Race,,2,0,110326,G28CA_110326_JC
G28FL,Governor-Race,,4,0,110326,G28FL_110326_CG
G28TX,Governor-Race,,6,0,110326,G28TX_110326_HC
G29CA,Governor-Race,,2,0,110326,G29CA_110326_LMR
G29TX,Governor-Race,,6,0,110326,G29TX_110326_SG
G30CA,Governor-Race,,2,0,110326,G30CA_110326_LF
G30TX,Governor-Race,,6,0,110326,G30TX_110326_ON
G31CA,Governor-Race,,2,0,110326,G31CA_110326_GC
G31TX,Governor-Race,,6,0,110326,G31TX_110326_JE
G32CA,Governor-Race,,4,0,110326,G32CA_110326_CA
G32TX,Governor-Race,,6,0,110326,G32TX_110326_CH
G33CA,Governor-Race,,2,0,110326,G33CA_110326_PA
G33TX,Governor-Race,,6,0,110326,G33TX_110326_JJ
G34CA,Governor-Race,,4,0,110326,G34CA_110326_JG
G34TX,Governor-Race,,6,0,110326,G34TX_110326_VGJ
G35CA,Governor-Race,,4,0,110326,G35CA_110326_NT
G35TX,Governor-Race,,6,0,110326,G35TX_110326_RA
G36CA,Governor-Race,,2,0,110326,G36CA_110326_MT
G36TX,Governor-Race,,4,0,110326,G36TX_110326_DR
G37CA,Governor-Race,,4,0,110326,G37CA_110326_SKD
G37TX,Governor-Race,,6,0,110326,G37TX_110326_GC
G38CA,Governor-Race,,4,0,110326,G38CA_110326_LS
G38TX,Governor-Race,,6,0,110326,G38TX_110326_AM
G39CA,Governor-Race,,2,0,110326,G39CA_110326_MT
G40CA,Governor-Race,,10,0,110326,G40CA_110326_KC
G41CA,Governor-Race,,6,0,110326,G41CA_110326_KA
G42CA,Governor-Race,,4,0,110326,G42CA_110326_RG
G43CA,Governor-Race,,2,0,110326,G43CA_110326_MW
G44CA,Governor-Race,,2,0,110326,G44CA_110326_NB
G45CA,Governor-Race,,6,0,110326,G45CA_110326_DT
G46CA,Governor-Race,,4,0,110326,G46CA_110326_LC
G47CA,Governor-Race,,4,0,110326,G47CA_110326_DM
G48CA,Governor-Race,,12,0,110326,G48CA_110326_DI
G49CA,Governor-Race,,6,0,110326,G49CA_110326_ML
G50CA,Governor-Race,,4,0,110326,G50CA_110326_SP
G51CA,Governor-Race,,2,0,110326,G51CA_110326_SJ
G52CA,Governor-Race,,2,0,110326,G52CA_110326_JV
GCE,Climate,Global Carbon Dioxide Emissions,138,41870,1225;1226;1227;1230;1235,GCE_1225_42500
GCYCO,Climate,Global CO2 Year Colorado,118,0,0926;0927;0928;0929;0930,GCYCO_0926_5.9
GCYRM,Climate,Global CO2 Year Remote,126,2,0826;0827;0828;0829;0830,GCYRM_0826_4.72
GCYWH,Climate,Global CO2 Year White House,128,64,0626;0627;0628;0629;0630,GCYWH_0626_3.58
GDPAU,,,72,0,Q126;Q226;Q326;Q425,GDPAU_Q126_-2
GDPGE,,,72,0,Q126;Q226;Q326;Q426,GDPGE_Q126_-2
GDPJP,,,90,0,Q126;Q226;Q326;Q425;Q426,GDPJP_Q425_-2
GDQCA,State-GDP,,66,0,Q126;Q226;Q425,GDQCA_Q425_-5
GDQFL,State-GDP,,66,0,Q126;Q226;Q425,GDQFL_Q425_-5
GDQGA,State-GDP,,66,0,Q126;Q226;Q425,GDQGA_Q425_-5
GDQIL,State-GDP,,66,0,Q126;Q226;Q425,GDQIL_Q425_-5
GDQNJ,State-GDP,,66,0,Q126;Q226;Q425,GDQNJ_Q425_-5
GDQNY,State-GDP,,66,0,Q126;Q226;Q425,GDQNY_Q425_-5
GDQOH,State-GDP,,66,0,Q126;Q226;Q425,GDQOH_Q425_-5
GDQPA,State-GDP,,66,0,Q126;Q226;Q425,GDQPA_Q425_-5
GDQTX,State-GDP,,66,0,Q126;Q226;Q425,GDQTX_Q425_-5
GDQWA,State-GDP,,66,0,Q126;Q226;Q425,GDQWA_Q425_-5
GPAKD,Governor-Party,,2,80,081826,GPAKD_081826_Peltola
GPAKR,Governor-Party,,24,580,081826,GPAKR_081826_Bishop
GPALR,Governor-Party,,12,1374,052626,GPALR_052626_Ainsworth
GPAZR,Governor-Party,,14,1746,080426,GPAZR_080426_Biggs
GPCAD,Governor-Party,,28,2502,060226,GPCAD_060226_Bianco
GPCOD,Governor-Party,,16,1280,063026,GPCOD_063026_Crow
GPFLD,Governor-Party,,10,1982,081826,GPFLD_081826_Jones
GPFLR,Governor-Party,,18,1428,081826,GPFLR_081826_Donalds
GPGAD,Governor-Party,,22,1632,051926,GPGAD_051926_Abrams
GPGAR,Governor-Party,,12,2614,051926,GPGAR_051926_Carr
GPILR,Governor-Party,,14,1820,031726,GPILR_031726_DelMar
GPKSD,Governor-Party,,12,2554,080426,GPKSD_080426_Holscher
GPKSR,Governor-Party,,20,1838,080426,GPKSR_080426_Schwab
GPMDR,Governor-Party,,18,814,063026,GPMDR_063026_Buckel
GPMED,Governor-Party,,16,1760,060926,GPMED_060926_Golden
GPMER,Governor-Party,,24,1918,060926,GPMER_060926_Libby
GPMID,Governor-Party,,10,1934,080426,GPMID_080426_Benson
GPMIR,Governor-Party,,16,880,080426,GPMIR_080426_Null
GPNMD,Governor-Party,,16,1290,060226,GPNMD_060226_Haaland
GPNMR,Governor-Party,,8,660,060226,GPNMR_060226_Baca
GPNVD,Governor-Party,,6,1140,060926,GPNVD_060926_Ford
GPNYD,Governor-Party,,6,1112,062326,GPNYD_062326_Hochul
GPNYR,Governor-Party,,10,6076,062326,GPNYR_062326_Lawler
GPOHD,Governor-Party,,8,3860,050526,GPOHD_050526_Ryan
GPOHR,Governor-Party,,6,1174,050526,GPOHR_050526_Yost
GPOKR,Governor-Party,,20,180,063026,GPOKR_063026_Drummond
GPPAR,Governor-Party,,6,1430,051926,GPPAR_051926_Garrity
GPSCR,Governor-Party,,12,760,060926,GPSCR_060926_Mace
GPSDR,Governor-Party,,10,100,060226,GPSDR_060226_Johnson
GPTNR,Governor-Party,,16,720,080626,GPTNR_080626_Green
GPTXD,Governor-Party,,18,2704,030326,GPTXD_030326_Clark
GPTXR,Governor-Party,,10,200,030326,GPTXR_030326_GA
GPWID,Governor-Party,,16,1356,081126,GPWID_081126_Crowley
GPWIR,Governor-Party,,10,840,081126,GPWIR_081126_Tiffany
GROH,,,4,450,1126,GROH_1126_Ramaswamy
GSL,Financial,Gold/Silver Ratio,160,100,1226;1227;1230;1235,GSL_1226_113
GT,Climate,Global Temperature Annual,112,4680,1226;1227;1228;1230;1235,GT_1226_1.38
GTM,Climate,Global Temperature Monthly,74,200,0226;0326;0426;1226,GTM_0326_1.2
GTTA,Climate,Global Temperature Trend Annual,38,10454,1230;1235;1240;1245,GTTA_1230_1.75
GTTM,Climate,Global Temperature Trend Monthly,22,0,1230;1235;1240,GTTM_1230_2
HELPP,Elections,Help Party,2,0,123128,HELPP_123128_PPO
HKCPI,,,76,2900,0126;0226;0326;0626;1226,HKCPI_0626_2.4
HKGDP,,,162,20,Q126;Q226;Q326;Q426;Q427,HKGDP_Q426_2.6
HOMED,Elections,House Midterm Election Democrat,24,0,0126;0226;1125;1225,HOMED_1125_G0
HOMEP,Elections,House Midterm Election Party,88,0,0126;0226;1125;1225,HOMEP_1125_-7.5
HORC,Elections,US House of Representatives Control,4,1683228,1126,HORC_1126_Democratic
HORUS,Elections,US House Overall Result,88,0,Q126;Q226;Q326;Q426,HORUS_Q126_64
HS,Economic-US,US Housing Starts,114,3242,0126;0226;0326;0626;1125,HS_0626_1405000
HSCNE,,,20,0,0926;0927,HSCNE_0926_475
HSCUS,,,20,0,0926;0927,HSCUS_0926_1250
HWHNE,,,30,0,0326;0327;0328,HWHNE_0326_4300
HWHUS,,,30,0,0326;0327;0328,HWHUS_0326_3000
IJC,Economic-US,US Initial Jobless Claims,78,15184,021426;022126;022826;030726,IJC_021426_210000
INBDI,,,38,320,022726;123126,INBDI_123126_900
INBEX,,,44,0,022726;123126,INBEX_123126_10000
INBVA,,,56,0,022726;123126,INBVA_123126_100000
INCAC,,,44,0,022726;123126,INCAC_123126_5500
INDAX,,,36,430,022726;123126,INDAX_123126_19200
INEUR,,,44,0,022726;123126,INEUR_123126_3600
INFLM,,,24,0,0126;0226;0326;0426,INFLM_0126_G0
INHSI,,,40,200,022726;123126,INHSI_123126_12000
INKOS,,,36,0,022726;123126,INKOS_123126_3700
INMIB,,,40,0,022726;123126,INMIB_123126_28000
INNKI,,,36,360,022726;123126,INNKI_123126_35200
INSTI,,,40,0,022726;123126,INSTI_123126_3520
INWEI,,,100,2240,020726;021426;022126;022826;030726,INWEI_020726_1.2
IPOCO,,,18,0,123126,IPOCO_123126_Chime
ITNVD,,,2,0,1226,ITNVD_1226_0
JOLT,Economic-US,US Job Openings (JOLTS),120,676,0126;0226;0326;0626;1225,JOLT_0626_4.5
JPDEC,,,12,0,031926;042826,JPDEC_031926_G0
JPUSD,,,60,16472,021226;021326,JPUSD_021226_154.25
KY04R,,,10,1472,051926,KY04R_051926_Massie
LEGCA,,,2,0,123126,LEGCA_123126_Robotaxis
MACD,,,36,0,0226;0326;1226,MACD_0326_429
METLD,Commodities,Metal Diamond,68,1594,021326;022726,METLD_022726_1400
METLG,Commodities,Metal Gold,88,57034,021326;022726,METLG_022726_4400
METLP,Commodities,Metal Platinum,94,3522,021326;022726,METLP_022726_2260
METLS,Commodities,Metal Silver,76,24862,021326;022726,METLS_022726_75
MHSP,,,266,5900,0126;0226;0326;0626;0926,MHSP_0626_380000
MMCPI,,,56,0,0126;0226;0326;0426,MMCPI_0126_-0.6
MORT1,Economic-US,US 30-Year Mortgage Rate,114,0,021226;021926;022626;030526;031226,MORT1_021226_5.6
MORT2,Economic-US,US 15-Year Mortgage Rate,110,0,021226;021926;022626;030526;031226,MORT2_021226_4.9
MRT,Economic-US,US Recession,10,200,0126;0226;0326;0426;1226,MRT_0326_0
MXDEC,,,30,0,032626;050726;062526,MXDEC_032626_H50
MXXAK,House-District,,16,40,110326,MXXAK_110326_TB
MXXAL,House-District,,14,4,110326,MXXAL_110326_RBJ
MXXAR,House-District,,6,0,110326,MXXAR_110326_SHS
MXXAZ,House-District,,12,0,110326,MXXAZ_110326_WP
MXXCA,House-District,,16,100,110326,MXXCA_110326_KP
MXXCO,House-District,,10,0,110326,MXXCO_110326_MB
MXXCT,House-District,,10,0,110326,MXXCT_110326_NL
MXXFL,House-District,,10,0,110326,MXXFL_110326_JD
MXXGA,House-District,,12,0,110326,MXXGA_110326_KB
MXXHI,House-District,,2,0,110326,MXXHI_110326_JG
MXXIA,House-District,,12,0,110326,MXXIA_110326_PD
MXXID,House-District,,8,0,110326,MXXID_110326_SH
MXXIL,House-District,,6,40,110326,MXXIL_110326_JBP
MXXKS,House-District,,12,0,110326,MXXKS_110326_EC
MXXMA,House-District,,10,0,110326,MXXMA_110326_MH
MXXMD,House-District,,6,0,110326,MXXMD_110326_WM
MXXME,House-District,,14,0,110326,MXXME_110326_SB
MXXMI,House-District,,12,0,110326,MXXMI_110326_JB
MXXMN,House-District,,12,0,110326,MXXMN_110326_CS
MXXNE,House-District,,2,0,110326,MXXNE_110326_JP
MXXNH,House-District,,4,0,110326,MXXNH_110326_JK
MXXNM,House-District,,6,0,110326,MXXNM_110326_SB
MXXNV,House-District,,6,0,110326,MXXNV_110326_AF
MXXNY,House-District,,6,0,110326,MXXNY_110326_KH
MXXOK,House-District,,10,0,110326,MXXOK_110326_CM
MXXOR,House-District,,6,0,110326,MXXOR_110326_TK
MXXPA,House-District,,4,0,110326,MXXPA_110326_JS
MXXRI,House-District,,4,0,110326,MXXRI_110326_DMK
MXXSC,House-District,,12,0,110326,MXXSC_110326_JJ
MXXSD,House-District,,8,0,110326,MXXSD_110326_RA
MXXTN,House-District,,10,0,110326,MXXTN_110326_CA
MXXTX,House-District,,8,0,110326,MXXTX_110326_CB
MXXVT,House-District,,4,0,110326,MXXVT_110326_PS
MXXWI,House-District,,12,0,110326,MXXWI_110326_SR
MXXWY,House-District,,4,0,110326,MXXWY_110326_EB
NBAGW,Sports,NBA Game Winner,488,2514038,012826ATLBOS;012826CHAMEM;012826CHIIND;012826GSWUTA;012826LALCLE,NBAGW_012826LALCLE_CLE
NC01R,,,8,0,030326,NC01R_030326_AB
NCZSD,,,110,0,021226;021326;021626;021726;022726,NCZSD_021226_80
ND,Economic-US,US National Debt,70,3466,0926;0927;0930;0935,ND_0926_39.0
NGP,Financial,Natural Gas Price,146,12700,0126;0226;0326;0626;1125,NGP_0626_3450000
NHS,Economic-US,US New Home Sales,180,5680,0126;0326;0926;1125;1225,NHS_1225_675000
NJ11D,,,12,3140,020526,NJ11D_020526_BG
NPTRG,,,2,0,123126,NPTRG_123126_NCTO
OADFW,Airport-Traffic,,28,0,0226,OADFW_0226_48
OAHOU,Airport-Traffic,,28,0,0226,OAHOU_0226_50
OALAX,Airport-Traffic,,26,0,0226,OALAX_0226_57
OAMDW,Airport-Traffic,,24,0,0226,OAMDW_0226_26
OAMIA,Airport-Traffic,,22,0,0226,OAMIA_0226_68
OANYC,Airport-Traffic,,22,0,0226,OANYC_0226_33
OP,Financial,Oil Price,222,5072,0126;0226;0326;0626;1125,OP_0626_14135
PCD,Elections,US Presidential Candidate Democrat,18,601028,0828,PCD_0828_Newsome
PCEY,Economic-US,US PCE Price Index YoY,144,40976,0126;0226;0326;0626;1225,PCEY_0626_2.0
PCR,Elections,US Presidential Candidate Republican,24,70888,0828,PCR_0828_Vance
PMKTV,,,2,0,123126,PMKTV_123126_1T
PNFED,Elections,Presidential Nomination for Fed Chair,18,610478,012029,PNFED_012029_Warsh
PPIY,Economic-US,US Producer Price Index YoY,118,7070,0126;0226;0326;0626;1226,PPIY_0626_1.2
PREMP,Economic-US,US Payroll Employment,148,2966,0226;0326;0426;0626;0627,PREMP_0626_111700
PRPA,Elections,Presidential Pardon,4,40354,1128,PRPA_1128_Republican
PUSCF,,,88,12102,0126;0226;0326;1226,PUSCF_0126_8.6
PUSEG,,,60,20290,0126;0226;0326;1226,PUSEG_1226_2
RCATL,Real Estate,Rent Cost Atlanta,28,0,0226;1226,RCATL_1226_312
RCBOS,Real Estate,Rent Cost Boston,42,0,0126;0326;1126,RCBOS_1126_344
RCCHI,Real Estate,Rent Cost Chicago,72,0,0126;0226;0326;1226,RCCHI_1226_300
RCDAL,Real Estate,Rent Cost Dallas,30,0,0126;0326;1126,RCDAL_1126_296
RCDET,Real Estate,Rent Cost Detroit,28,0,0226;1226,RCDET_1226_294
RCLAX,Real Estate,Rent Cost Los Angeles,72,0,0126;0226;0326;1226,RCLAX_1226_338
RCMWE,Real-Estate,,56,0,0126;0226;0326;1226,RCMWE_1226_299
RCNET,Real-Estate,,56,0,0126;0226;0326;1226,RCNET_1226_334
RCNYC,Real Estate,Rent Cost New York,72,0,0126;0226;0326;1226,RCNYC_1226_344
RCPHL,Real-Estate,,20,0,0226;1226,RCPHL_1226_322
RCSEA,Real Estate,Rent Cost Seattle,20,0,0226;1226,RCSEA_1226_358
RCSTH,Real-Estate,,56,0,0126;0226;0326;1226,RCSTH_1226_312
RCWDC,Real-Estate,,42,0,0126;0326;1126,RCWDC_1126_320
RCWST,Real-Estate,,56,0,0126;0226;0326;1226,RCWST_1226_342
RECAC,Real-Estate,,118,1220,0126;0226;0626;1225;1226,RECAC_0626_1500
RENYA,Real-Estate,,140,4320,0126;0226;0626;1225;1226,RENYA_0626_2100
RENYC,Real-Estate,,126,2420,0126;0226;0626;1225;1226,RENYC_0626_1000
RETXC,Real-Estate,,128,0,0126;0226;0626;1225;1226,RETXC_0626_1250
REUSA,Real Estate,Real Estate US Average,116,0,0126;0226;0626;1225;1226,REUSA_0626_43000
REUSC,Real-Estate,,142,7740,0126;0226;0626;1225;1226,REUSC_0626_15000
RGDP,Economic-US,US Real GDP,266,24248,Q126;Q226;Q326;Q425;Q426,RGDP_Q425_1.9
RSM,Economic-US,US Retail Sales Monthly,148,1856,0126;0226;0326;0626;1225,RSM_0626_0.4
RT,Financial,Retail Trading,10,380,1226;1227;1228;1230;1235,RT_1226_0
SCTTT,,,2,113080,073126,SCTTT_073126_WU
SDPNC,,,6,850,030326,SDPNC_030326_Nickel
SECOF,Elections,Secretary of Commerce/Office,12,0,123126,SECOF_123126_Coinbase
SENM,Elections,US Senate Majority,4,169998,1126,SENM_1126_Republican
SGCPI,,,94,1040,0126;0226;0326;0626;0926,SGCPI_0626_2.0
SGGDP,,,112,1560,Q126;Q226;Q326;Q426;Q427,SGGDP_Q426_2.5
SGORA,,,108,400,033126;063026;093026;123126;123127,SGORA_063026_2.25
SHEMD,Stocks,,14,0,021226,SHEMD_021226_11
SHFPO,Stocks,,14,0,021226,SHFPO_021226_9
SHJTT,Stocks,,32,0,021226;021426,SHJTT_021226_8
SHMAA,Stocks,,32,0,021226;021426,SHMAA_021226_29
SHSSS,Stocks,,32,0,021226;021426,SHSSS_021226_28
SHSSY,Stocks,,32,0,021226;021426,SHSSY_021226_24
SHYHC,Stocks,,32,0,021226;021326,SHYHC_021226_6
SHYUL,Stocks,,32,0,021226;021326,SHYUL_021226_-6
SHYYZ,Stocks,,32,0,021226;021326,SHYYZ_021226_-6
SKDEC,,,20,0,022626;041026,SKDEC_022626_H50
SPDTX,,,4,0,030326,SPDTX_030326_JT
SPICA,Real-Estate,,110,0,Q126;Q226;Q326;Q425;Q426,SPICA_Q425_-5
SPIFL,Real-Estate,,110,0,Q126;Q226;Q326;Q425;Q426,SPIFL_Q425_-5
SPIGA,Real-Estate,,110,0,Q126;Q226;Q326;Q425;Q426,SPIGA_Q425_-5
SPIIL,Real-Estate,,110,0,Q126;Q226;Q326;Q425;Q426,SPIIL_Q425_-5
SPINJ,Real-Estate,,110,0,Q126;Q226;Q326;Q425;Q426,SPINJ_Q425_-5
SPINY,Real-Estate,,110,0,Q126;Q226;Q326;Q425;Q426,SPINY_Q425_-5
SPIOH,Real-Estate,,110,0,Q126;Q226;Q326;Q425;Q426,SPIOH_Q425_-5
SPIPA,Real-Estate,,110,0,Q126;Q226;Q326;Q425;Q426,SPIPA_Q425_-5
SPITX,Real-Estate,,110,0,Q126;Q226;Q326;Q425;Q426,SPITX_Q425_-5
SPIWA,Real-Estate,,110,0,Q126;Q226;Q326;Q425;Q426,SPIWA_Q425_-5
SPMAR,,,12,0,Q126,SPMAR_Q126_100000000000
SRPNC,,,12,1650,030326,SRPNC_030326_Brown
SRPTX,,,6,9166,030326,SRPTX_030326_Cornyn
SSRA,,,2,510,1228,SSRA_1228_0
STCDH,Stocks,,18,0,110326,STCDH_110326_200
STCDS,Stocks,,18,0,110326,STCDS_110326_44
STCRH,Stocks,,18,0,110326,STCRH_110326_190
STCRS,Stocks,,18,0,110326,STCRS_110326_48
STFAL,Stocks,,2,2320,123128,STFAL_123128_0
STFCA,Stocks,,2,178,123128,STFCA_123128_0
STFGL,Stocks,,2,37150,123128,STFGL_123128_0
STFPA,Stocks,,2,606,123128,STFPA_123128_0
TOPAI,,,12,0,022826,TOPAI_022826_G2P
TRCAS,Transportation,,22,0,Q425,TRCAS_Q425_12750
TRFLS,Transportation,,22,0,Q425,TRFLS_Q425_8750
TRILS,Transportation,,22,0,Q425,TRILS_Q425_3375
TRNYC,Transportation,,14,0,022826,TRNYC_022826_1
TRNYS,Transportation,,22,0,Q425,TRNYS_Q425_4625
TRSIF,Transportation,,80,5440,0126;0226;1225;1226,TRSIF_1225_133
TRTXS,Transportation,,22,0,Q425,TRTXS_Q425_4500
TWNRP,,,2,0,111926,TWNRP_111926_0
TX13R,,,4,0,030326,TX13R_030326_RJ
TX18N,,,4,1660,013126,TX18N_013126_CM
UHATL,Temperature,Atlanta Daily High Temp,54,21118,021126;021226;021326,UHATL_021126_61
UHAUS,Temperature,Austin Daily High Temp,60,40752,021126;021226;021326,UHAUS_021126_70
UHBKF,Temperature,Bakersfield Daily High Temp,54,90118,021126;021226;021326,UHBKF_021126_59
UHBNA,Temperature,Nashville Daily High Temp,56,22336,021126;021226;021326,UHBNA_021126_56
UHBOS,Temperature,Boston Daily High Temp,58,44534,021126;021226;021326,UHBOS_021126_34
UHCLT,Temperature,Charlotte Daily High Temp,56,16218,021126;021226;021326,UHCLT_021126_62
UHDCA,Temperature,Washington DC Daily High Temp,64,39930,021126;021226;021326,UHDCA_021126_45
UHDFW,Temperature,Dallas/Fort Worth Daily High Temp,58,57224,021126;021226;021326,UHDFW_021126_64
UHDTW,Temperature,Detroit Daily High Temp,56,28788,021126;021226;021326,UHDTW_021126_29
UHHOU,Temperature,Houston Daily High Temp,56,51488,021126;021226;021326,UHHOU_021126_73
UHJAX,Temperature,Jacksonville Daily High Temp,54,26716,021126;021226;021326,UHJAX_021126_71
UHLAS,Temperature,Las Vegas Daily High Temp,56,29914,021126;021226;021326,UHLAS_021126_63
UHLAX,Temperature,Los Angeles Daily High Temp,56,110070,021126;021226;021326,UHLAX_021126_60
UHLGA,Temperature,New York City Daily High Temp,58,63776,021126;021226;021326,UHLGA_021126_37
UHMDW,Temperature,Chicago Daily High Temp,56,59370,021126;021226;021326,UHMDW_021126_34
UHMIA,Temperature,Miami Daily High Temp,54,138320,021126;021226;021326,UHMIA_021126_74
UHMSP,Temperature,Minneapolis Daily High Temp,54,36926,021126;021226;021326,UHMSP_021126_33
UHOKC,Temperature,Oklahoma City Daily High Temp,54,37718,021126;021226;021326,UHOKC_021126_54
UHPHL,Temperature,Philadelphia Daily High Temp,56,21008,021126;021226;021326,UHPHL_021126_36
UHPHX,Temperature,Phoenix Daily High Temp,54,33058,021126;021226;021326,UHPHX_021126_75
UHSAT,Temperature,San Antonio Daily High Temp,60,9418,021126;021226;021326,UHSAT_021126_71
UHSEA,Temperature,Seattle Daily High Temp,60,59006,021126;021226;021326,UHSEA_021126_47
UHSFO,Temperature,San Francisco Daily High Temp,58,79226,021126;021226;021326,UHSFO_021126_52
UNR,Economic-US,US Unemployment Rate,134,10156,0226;0326;0426;0626;0627,UNR_0626_4.1
UR441,House-District,,72,1300,0126;0226;1225;1226,UR441_1225_133600
UR442,House-District,,72,860,0126;0226;1225;1226,UR442_1225_10750
UR443,House-District,,72,0,0126;0226;1225;1226,UR443_1225_6850
UR444,House-District,,74,0,0126;0226;1225;1226,UR444_1225_39750
UR445,House-District,,72,0,0126;0226;1225;1226,UR445_1225_81400
UR446,House-District,,72,0,0126;0226;1225;1226,UR446_1225_37250
UR447,House-District,,72,740,0126;0226;1225;1226,UR447_1225_43050
UR448,House-District,,78,0,0126;0226;1225;1226,UR448_1225_24250
UR451,House-District,,72,0,0126;0226;1225;1226,UR451_1225_7130
UR452,House-District,,72,200,0126;0226;1225;1226,UR452_1225_74550
UR453,House-District,,74,0,0126;0226;1225;1226,UR453_1225_13500
UR454,House-District,,82,4400,0126;0226;1225;1226,UR454_1225_119540
UR722,House-District,,54,0,0226;1225;1226,UR722_1225_92690
USAUD,,,44,0,022726;123126,USAUD_123126_0.558
USCAD,,,54,4992,021226;021326,USCAD_021226_0.724
USCCI,,,74,1998,0226;0326;0426;1226,USCCI_0326_85
USCE,,,210,7288,1225;1226;1227;1230;1235,USCE_1225_4700
USCT,,,4,3206,1226;1228,USCT_1226_21
USDR,,,176,20,081528;0826;0827;0830;0835,USDR_0830_39
USEUR,,,38,10,021226;021326,USEUR_021226_1.165
USGBP,,,44,0,022726;123126,USGBP_123126_1.22
USGP,,,128,2424,021626;022326;030226;030926;033026,USGP_062926_3.00
USGSE,,,2,0,021326,USGSE_021326_February13th
USHKD,,,44,0,021226;021326,USHKD_021226_7.8
USIP,Economic-US,US Industrial Production,118,17266,0126;0226;0326;0626;1226,USIP_0626_-3
USIT,,,16,672,1226;1228,USIT_1226_37
USPSR,,,86,0,0126;0226;0326;1225;1226,USPSR_0126_3.8
USR,,,8,11406,0326;0626;1225;1226,USR_1225_0
UST,,,142,20,1226;1227;1228;1230;1235,UST_1226_54.21
USTM,,,78,1440,0226;0326;0426;1226,USTM_0326_41
USTRF,,,26,682,123126,USTRF_123126_ALM
UTCBO,Utilities,,20,7432,1226,UTCBO_1226_49000
UTHVT,Utilities,,18,12998,1226,UTHVT_1226_59000
UTLAO,Utilities,,20,41104,1226,UTLAO_1226_48000
UTTAI,Utilities,,12,5394,1226,UTTAI_1226_11250
UTUMO,Utilities,,20,3148,1226,UTUMO_1226_58000
UVR1O,,,20,18486,123127,UVR1O_123127_PU
UVR1P,,,10,9396,123127,UVR1P_123127_UCLA
YXHBT,Crypto,,14,357088,123126,YXHBT_123126_100000
YXHDG,Crypto,,14,43354,123126,YXHDG_123126_0.2
YXHET,Crypto,,16,164288,123126,YXHET_123126_3500
YXHSO,Crypto,,16,113258,123126,YXHSO_123126_150
YXHXR,Crypto,,18,78704,123126,YXHXR_123126_2.75
YXLBT,Crypto,,32,198268,123126,YXLBT_123126_80000
YXLDG,Crypto,,10,51670,123126,YXLDG_123126_0.1
YXLET,Crypto,,26,81072,123126,YXLET_123126_2500
YXLSO,Crypto,,18,43880,123126,YXLSO_123126_100
YXLXR,Crypto,,26,24734,123126,YXLXR_123126_1.6
